model,name
090615.gateway.ktvrf,PTXZN
090615.plug.plus01,智能86插座(WIFI)
090615.switch.akstft,AK智能屏幕开关
090615.switch.x6wtft,X6智能中控屏开关
1245.airfresh.super2,土豆
1245.airfresh.super3,土豆
17216.massage.j6261a,joypal
17216.massage.jp3209,joypal智能AI按摩椅
666.curtain.gt01m,鲸橙智能窗帘
adp.fitting.adgw,艾达普
aimore.light.cw3201,智能冷暖吸顶灯
ainice.motion.bt,AInice人体传感器
ainice.sensor_occupy.3b,小米/米家设备型号、使用说明书查询工具，米家智能家居产品大全，Xiaomi
ainice.sensor_occupy.pr,小米/米家设备型号、使用说明书查询工具，米家智能家居产品大全，Xiaomi
airdog.airpurifier.mn,贝昂A5/MINI空气净化器
ateai.mosq.dakuo,达阔智能电蚊香
aupu.bhf_light.360ap,奥普空气管家Q360A-Pro
aupu.bhf_light.360xp,奥普空气管家浴霸Q360X-Pro
aupu.bhf_light.n80,奥普空气管家浴霸-N80Pro
aupu.bhf_light.s368m,奥普浴霸S368M
aupu.bhf_light.s368m2,奥普浴霸S368M
babai.airer.lyj01,Ai
babai.bhf_light.mk885,米科智能浴霸
babai.curtain.190812,智能窗帘电机CM(wifi直连)
babai.curtain.at5810,奥特威(AUTORAIL)窗帘电机
babai.curtain.bb82cb,Ai
babai.curtain.bb82mj,Ai
babai.curtain.m515e,Zemismart
babai.curtain.mtx850,满天馨智能窗帘
babai.curtain.yilc3,小益(Yi-LOCK)智能窗帘
babai.plug.sk01a,Babuy
babai.switch.203s,Ai
babai.switch.bb101s,Ai
babai.switch.bb102s,Ai
babai.switch.bb103s,Ai
babai.switch.th01a,ThoughtHome智能通断器
babai.wopener.82,辰阳开窗器
babai.wopener.83,艾德道开窗器
baomi.airpurifier.450a,豹米空气净化器2S
bean.curtain.bct01,智能开合帘电机V1-WiFi版
beihao.airer.airer3,向阳智能电动晾衣架
beihao.airer.lyj08,Ai
bj352.airp.y106cm,352空气净化器Y106C
bj352.waterpuri.k10,352净水器K10
bkrobo.chair.bc03,贝氪智能托腰办公椅
bofu.curtain.bfmh,梦幻垂直帘
bofu.curtain.normal,智能电动窗帘
careli.fryer.maf01,米家智能空气炸锅3.5L
careli.fryer.maf02,Mi
careli.fryer.maf03,米家智能空气炸锅3.5L
careli.fryer.maf03a,米家智能空气炸锅
careli.fryer.maf04,米家智能空气炸锅Pro
careli.fryer.maf05a,Xiaomi
careli.fryer.maf06a,米家智能空气炸锅
careli.fryer.maf07,Mi
careli.fryer.maf07c,米家智能空气炸锅
careli.fryer.maf10a,Xiaomi
cddz.plug.pc01w,Jiuhao电脑开机卡
cgllc.airm.cgd1st,青萍空气检测仪
cgllc.airm.cgdn1,青萍空气检测仪
chuangmi.camera.026c02,小米智能摄像机云台版SE+
chuangmi.camera.039a01,小米智能摄像机2
chuangmi.camera.039a04,Xiaomi
chuangmi.camera.039c01,小米智能摄像机2
chuangmi.camera.046c04,小米智能摄像机
chuangmi.camera.049a01,小米智能摄像机2
chuangmi.camera.051a01,小米智能摄像机2
chuangmi.camera.055a02,小白智能全景球机
chuangmi.camera.060a02,小白智能摄像机
chuangmi.camera.069a01,小米智能摄像机3
chuangmi.gateway.720,小白智能中央空调控制器
chuangmi.plug.212a01,米家智能插座2
chuangmi.vacuum.hmi707,IMILAB
chunmi.cooker.c301,米家智能小饭煲2
chunmi.cooker.eh3,米家智能小饭煲2
chunmi.cooker.r2,joyami
chunmi.cooker.r401,joyami
chunmi.cooker.wy3,米家智能电饭煲
chunmi.cooker.wy4,米家智能电饭煲
chunmi.cooker.ztw02,知吾煮1.6L
chunmi.cooker.zwz02,知吾煮1.6L电饭煲
chunmi.health_pot.a1,米家智能多功能养生壶
chunmi.ihcooker.slim,米家超薄电磁炉
chunmi.ihcooker.v2,米家电磁炉2
chunmi.juicer.uka1,Xiaomi
chunmi.microwave.n20l02,米家微波炉
chunmi.oven.s1,米家智能嵌入式蒸烤一体机S1
chunmi.oven.x02,米家智能蒸汽小烤箱
chunmi.pre_cooker.dylg5,米家智能电压力锅5L
chunmi.pre_cooker.mini1,米家智能电压力锅2.5L
chunmi.waterpuri.600f2,小米净水器H600G
chunmi.waterpuri.600j6,小米即热净水器Q600
chunmi.waterpuri.800f3,小米净水器H800G
chunmi.waterpuri.800f3p,小米净水器H800G
chunmi.ysj.tsa1,小米台式净饮机
chunmi.ysj.tsa1p,米家台式净饮机
chunmi.ysj.tsj7,米家台式净饮机
coc.dryer.fdpsm,清蜓智能便携干衣机
comely.light.wy0a01,新特丽智能灯饰
cubee.airrtc.1230e,希到-地暖（电）温控器
cubee.airrtc.1230t,希到-两联供温控器
cubee.airrtc.th123a,小米/米家设备型号、使用说明书查询工具，米家智能家居产品大全，Xiaomi
cubee.airrtc.th123e,Heatcold地暖(电)
cubee.airrtc.th123w,Heatcold地暖(水)
cubee.airrtc.th125t,Heatcold两联供
cuco.light.sl4,彩色智能灯带SL4
cuco.light.sl4a,智能灯带SL4
cuco.light.wb2mn,智能白灯WB2-M
cuco.light.wb5m,Gosund智能彩灯WB5-M
cuco.plug.co1,Gosund智能墙插CO1-M
cuco.plug.co1d,电小酷智能墙插CO1-M
cuco.plug.co3d,gosund
cuco.plug.cp1,gosund
cuco.plug.cp1m,Gosund智能插座CP1-AM(计电量)
cuco.plug.cp1md,gosund
cuco.plug.cp2,Gosund
cuco.plug.cp2a,Gosund智能插座CP2-AM
cuco.plug.cp2ad,gosund
cuco.plug.cp2d,gosund
cuco.plug.cp3a,Gosund智能插座CP3-AM
cuco.plug.cp3ad,gosund
cuco.plug.cp5d,gosund
cuco.plug.cp5prd,gosund
cuco.plug.cp5pro,Gosund智能排插CP5
cuco.plug.p8amd,gosund
cuco.plug.sp5,Gosund智能排插CP5
cuco.plug.v2eur,Xiaomi
cuco.plug.v3,米家智能插座3
cuco.plug.wp12,Gosund
cuco.plug.wp5m,Gosund智能插座WP5-AM(计电量)
cykj.hood.jyj22,米家智能净烟机P1
cykj.hood.jyjs1,米家智能净烟机S1
daolai.light.xd340,熠世华彩吸顶灯
dayang.mosq.qqtq4,俏蜻蜓智能电蚊香QQT-Q4
deerma.humidifier.ct500,德尔玛无雾加湿器
deerma.humidifier.jsq2g,米家智能除菌加湿器2
deerma.humidifier.jsq2w,Xiaomi
deerma.humidifier.jsq3,米家智能加湿器
deerma.humidifier.jsq4,米家纯净式智能加湿器
deerma.humidifier.jsq5,Mi
deerma.humidifier.jsqm,米家智能除菌加湿器
deerma.humidifier.jsqs,米家智能除菌加湿器
deerma.humidifier.rz300,德尔玛热蒸馏加湿器
degree.lunar.smh013,37度睡眠监测带SMH013
deye.derh.u20a3,德业除湿机DYD-U20A3
deye.derh.z12a3,德业除湿机DYD-Z12A3
dmaker.airp.swift,米家循环风空气净化器
dmaker.airp.swift2,Xiaomi
dmaker.airpurifier.f20,米家空气净化器F1
dmaker.derh.22ht,Xiaomi
dmaker.derh.22l,米家智能除湿机
dmaker.derh.50l,米家智能除湿机
dmaker.fan.1c,Mi
dmaker.fan.1e,米家直流变频落地扇E
dmaker.fan.p10,米家直流变频落地扇2
dmaker.fan.p11,米家直流变频落地扇2
dmaker.fan.p15,Mi
dmaker.fan.p18,Mi
dmaker.fan.p220,米家直流变频循环落地扇
dmaker.fan.p221,米家智能直流变频循环落地扇
dmaker.fan.p23,米家直流变频两季扇
dmaker.fan.p28,米家智能直流变频循环扇
dmaker.fan.p30,Xiaomi
dmaker.fan.p33,Xiaomi
dmaker.fan.p39,Xiaomi
dmaker.fan.p44,米家智能蒸发式冷风扇
dmaker.fan.p45,米家智能直流变频塔扇2
dmaker.fan.p5c,米家智能直流变频落地扇1X
dmaker.fan.p8,米家落地扇
dmaker.fan.p9,米家直流变频塔扇
dmaker.humidifier.p2,米家纯净式智能加湿器
dooya.curtain.c1,杜亚智能卷帘控制器
dooya.curtain.d1xc,杜亚智能窗帘D1-XC
dooya.curtain.m1,杜亚智能窗帘m1
dooya.curtain.m2,杜亚智能窗帘m2
dooya.curtain.m5,杜亚智能窗帘
dooya.curtain.m7,杜亚智能窗帘M7
dooya.curtain.x7,杜亚智能窗帘X7
dreame.fan.l2146,Xiaomi
dreame.fan.p2018,米家智能无叶净化扇
dreame.light.r2229,米家皮皮灯
dreame.vacuum.mb1808,米家扫拖机器人1C
dreame.vacuum.mc1808,米家扫拖机器人1C
dreame.vacuum.md1808,Xiaomi
dreame.vacuum.p2008,追觅慧目F9
dreame.vacuum.p2009,追觅灵图D9
dreame.vacuum.p2027,追觅W10
dreame.vacuum.p2028,追觅Z10
dreame.vacuum.p2028a,追觅L10
dreame.vacuum.p2029,追觅L10
dreame.vacuum.p2036,大未LDS扫拖一体机器人
dreame.vacuum.p2041,米家扫拖机器人1T
dreame.vacuum.p2041o,Mi
dreame.vacuum.p2114a,Xiaomi
dreame.vacuum.p2114o,米家全能扫拖机器人
dreame.vacuum.p2140,米家扫拖机器人2C
dreame.vacuum.p2140a,米家扫拖机器人2C
dreame.vacuum.p2140o,Mi
dreame.vacuum.p2140p,Mi
dreame.vacuum.p2148o,米家超薄扫拖机器人
dreame.vacuum.p2149o,米家免洗扫拖机器人Pro
dreame.vacuum.p2150a,Mi
dreame.vacuum.p2150b,Mi
dreame.vacuum.p2150o,米家集尘扫拖机器人
dreame.vacuum.p2157,MOVA扫拖机器人L600
dreame.vacuum.p2187,追觅D9
dreame.vacuum.p2259,Dreame
dreame.vacuum.r2104,追觅W10
dreame.vacuum.r2205,追觅
dreame.vacuum.r2209,Xiaomi
dreame.vacuum.r2210,米家免洗扫拖机器人
dreame.vacuum.r2211o,Xiaomi
dreame.vacuum.r2215,追觅X10
dreame.vacuum.r2216o,DreameBot
dreame.vacuum.r2228,追觅S10
dreame.vacuum.r2228o,DreameBot
dreame.vacuum.r2232a,追觅W10s
dreame.vacuum.r2233,追觅S10
dreame.vacuum.r2235,追觅X10
dreame.vacuum.r2246,追觅S10
dreame.vacuum.r2247,追觅S10
dreame.vacuum.r2254,米家全能扫拖机器人
e11035.airer.t10l,JL单功能智能晾衣机
era.diffuser.ws01,智能除味器
era.ysj.b65,博乐宝凉白开净饮机
fawad.airrtc.30011,FOWAD
fawad.airrtc.30012,畅享版VRF空调控制器
fawad.airrtc.40011,FOWAD地暖温控器
fengmi.projector.fm05,米家投影仪
fengmi.projector.l176,峰米激光电视4K
fengmi.projector.l176jp,米家激光投影电视
fengmi.projector.l185,米家激光投影仪
fengmi.projector.l206j,小米激光影院2
fengmi.projector.m045j,米家投影仪青春版2
fengmi.projector.m085j,米家投影仪2
fengmi.projector.m135jp,米家投影仪2
galime.curtain.gp72,叮咚智能平移式开窗器
gerwin.curtain.gm25xm,GM智能窗帘
gerwin.curtain.gm35xm,GM智能窗帘电机
giot.light.aise01,Ai智能情景WIFI双色灯
gtop.light.c02,智悦智能灯
gtop.light.fan03,情景智能风扇灯
hannto.printer.lager,小米激光打印一体机K200
hanyi.vacuum.m7pro,美倾互联网智能扫地机器人
hddz.blanket.zndrt,智能电热毯
hddz.s_lamp.uvl38w,小达杀菌消毒灯WiFi版
hey.relay.h100,微断云控智能控制器
hey.switch.x100,微断云控
hfjh.fishbowl.m100,米家智能鱼缸
hfjh.fishbowl.v2,画法几何C系智能鱼缸
hope.switch.w1,智慧屏开关
horow.toilet.s4,希箭大冲力智能马桶
hsg.fishbowl.hxs01,海享说智能生态缸
htcx.alarm.dt210,航天常兴智慧用电探测器DT-210
huayi.light.fanwy,慧作新风照明风扇吸顶灯
huayi.light.kin2,慧作巨蟹星灯带Pro
hyd.airer.1s,米家智能晾衣机
hyd.airer.gen,邦先生智能晾衣机GEN
hyd.airer.pro,米家智能晾衣机Pro
hyd.airer.pro2,米家智能晾衣机Pro
hyd.airer.znlyj1,米家智能晾衣机
hyd.airer.znlyj2,米家智能晾衣机
hyd.airer.znlyj3,米家智能晾衣机
hyd.airer.znlyj4,米家智能晾衣机
hyd.airer.znlyj5,米家智能晾衣机
ijai.vacuum.v1,米家扫拖机器人
ijai.vacuum.v10,Mi
ijai.vacuum.v13,米家扫拖机器人
ijai.vacuum.v14,米家免洗扫拖机器人
ijai.vacuum.v15,Xiaomi
ijai.vacuum.v17,Xiaomi
ijai.vacuum.v18,米家扫拖机器人3C
ijai.vacuum.v19,Xiaomi
ijai.vacuum.v2,米家扫拖机器人2
ijai.vacuum.v3,Mi
ijomoo.toilet.zs320,九牧智能马桶-ZS320T
iot.plug.socn1,智能插座P1
iot.switch.padw2p,浦安达单相智能保护开关
iot.switch.padwb1,小米/米家设备型号、使用说明书查询工具，米家智能家居产品大全，Xiaomi
isa.camera.hlc7,小米智能摄像机
isa.camera.hlc8,Xiaomi室外摄像机CW400
isa.camera.hlc9a,Xiaomi
isa.camera.hlzoom,小米/米家设备型号、使用说明书查询工具，米家智能家居产品大全，Xiaomi
isa.camera.panjd1,小方智能摄像机
isa.light.camsl1,华来AI智能氛围灯带
isleep.blanket.hs2001,绘睡一键舒眠水暖垫HS2001
isleep.blanket.hs2201,绘睡一键舒眠水暖垫HS2201
isleep.blanket.hs2205,绘睡水暖垫HS2205
izq.sensor_occupy.solo,子擎存在传感器
izq.sensor_occupy.trio,子擎存在传感器
isleep.blanket.hs2001,绘睡一键舒眠水暖垫HS2001
isleep.blanket.hs2205,绘睡水暖垫HS2205
jns.airer.1,捷纳森智能晾衣架
julun.switch.jlsw01,julun智能WIFI开关
kadeer.derh.x1701,奥克斯KDY10-01WS智能除湿机
kadeer.fan.l22xh2,飞利浦ACR4142CF循环扇
kejia.airer.krq,Courage智能晾衣机
kejia.airer.mznpro,米智能·电动晾衣机PRO
kingee.airer.kelyj5,博高科智能电动晾衣机
ksmb.treadmill.m1v1,米家跑步机
leishi.bhf_light.lsyb01,雷士智能浴霸V2
leishi.bhf_light.lsyb03,雷士智能浴霸N3
leishi.light.eps112,雷士LED智能吸顶灯
leishi.light.eps118,雷士智能LED吸顶灯
leishi.light.eps121,雷士风扇灯
leishi.light.eps127,雷士智能led吸顶灯pro
leishi.light.wy0a06,雷士智能灯饰
leishi.light.wy0a10,雷士智能吸顶灯pro
leishi.light.wyfa02,雷士智能风扇灯（智逸款）
leishi.light.wyfa03,雷士智能风扇灯
lemesh.light.wy02,情景WiFi色温灯C系列
lemesh.switch.sw0c01,开关通断器C3版
leshi.light.wy0b01,情景WIFI双色灯
leshi.light.wyfa01,情景智慧风扇灯通用款
leshi.light.wyfan,情景智慧风扇灯WiFi版
leshow.heater.bs1s,米家踢脚线电暖器1S
leshow.heater.bs2,米家石墨烯踢脚线电暖器
leshow.heater.bs3,米家石墨烯踢脚线电暖器
leshow.heater.nfj1lx,米家立式暖风机
leshow.heater.nfj2lx,米家立式暖风机Lite
leshow.heater.nfj3lx,Xiaomi
leshow.humidifier.jsq1,米家纯净式智能加湿器
leshow.humidifier.jsq2,米家纯净式智能加湿器
leshow.humidifier.jsq3,米家纯净式智能加湿器
linp.doorbell.g04,自发电WIFI门铃2
linp.switch.q31,领普墙壁开关（单键）
linp.switch.q32,领普墙壁开关（双键）
linp.switch.q32s,领普Q3墙壁开关(双键)
linp.switch.q33,领普墙壁开关（三键）
lipro.light.23x1,lipro智能吸顶灯E2
loock.camera.c1k,鹿客智能看护AI摄像机
loock.cateye.v06,小米智能猫眼1S
loock.cateye.v07,鹿客智能猫眼CatX
lumi.acpartner.mcn04,米家空调伴侣Pro
lumi.acpartner.v1,Aqara 空调伴侣
lumi.airer.acn02,Aqara智能晾衣机
lumi.curtain.acn014,Aqara智能窗帘电机
lumi.curtain.hagl05,小米有品智能窗帘电机（Wi-Fi版）
lumi.curtain.hagl08,Aqara智能窗帘电机
lumi.curtain.hmcn01,米家智能窗帘
lumi.curtain.mcn005,米家智能窗帘1S
lumi.sen_ill.mgl01,小米光照传感器
lumi.sensor_gas.mcn02,小米天然气卫士
lumi.sensor_motion.aq2,Aqara人体传感器
lumi.sensor_motion.v2,小米人体传感器
mate.airfresh.a1,MATE新风机A1
mate.humidifier.cs01,MATE加湿器
miaomiaoce.airm.air01,秒秒测空气质量检测仪
miaomiaoce.airm.air02,秒秒测空气质量检测仪（甲醛）
miaomiaoce.blanket.s02,PMA-秒秒测智能低压电热毯（单人）
mibx2.fridge.496,米家十字四门冰箱
mibx2.fridge.v1,米家互联网对开门冰箱450L
mibx2.washer.v1,米家互联网直驱洗烘一体机
mibx2.washer.v11,米家直驱洗烘一体机
mibx2.washer.v13,米家Mini洗衣机
mibx2.washer.v2,米家直驱洗烘一体机
mibx2.washer.v3,米家波轮洗衣机
mibx2.washer.v5,米家Mini洗衣机
mibx2.washer.v6,米家波轮洗衣机
mibx2.washer.v6rm,米家波轮洗衣机
mibx5.dry.v2,米家互联网热泵干衣机
mibx5.washer.v10,米家洗烘一体机
mibx5.washer.v11,米家内衣物洗烘一体机
mibx5.washer.v6,直驱
midjd.fridge.501b,米家冰箱
midjd6.fridge.430,米家冰箱
midjd6.fridge.4301,米家冰箱
midjd6.fridge.430b,米家冰箱
midjd6.fridge.610,米家对开门冰箱
midjd6.fridge.v1,米家互联网对开门冰箱540L
midjd8.fridge.400b,米家冰箱
midjd8.washer.44,米家洗衣机
mijia.vacuum.b108zb,米家扫拖机器人3S
mijia.vacuum.b108zh,米家扫拖机器人3S
mijia.vacuum.v1,米家扫拖机器人
mijia.vacuum.v2,Mi
mijia.vacuum.v3,Mi
mike.bhf_light.2,智能浴霸Pro（AI版）YB-007
minij.washer.v17,小吉智能壁挂洗烘一体机
minij.washer.v20,米家互联网迷你波轮洗衣机Pro
minjie.light.tdcw02,小米/米家设备型号、使用说明书查询工具，米家智能家居产品大全，Xiaomi
mipin.motion.mc1,MIANCHU免触传感器标准版
mmgg.feeder.fi1,Xiaomi
mmgg.feeder.inland,米家智能宠物喂食器
mmgg.feeder.spec,XIAOWAN
mmgg.litter_box.lbc1,小顽智能全自动猫砂盆
mmgg.pet_waterer.s1,米家智能宠物饮水机
mmgg.pet_waterer.s4,XIAOWAN
mmgg.pet_waterer.wi11,Xiaomi
morfun.kettle.mf809,魔凡智能即热茶吧机
morfun.ysj.mf208,魔凡智能即热饮水吧
mrbond.airer.m2,邦先生M2智能晾衣机
mrbond.airer.m2pro,邦先生M2pro智能晾衣机
mrbond.airer.m33a,邦先生智能晾衣机-简约款3
mrbond.airer.m53pro,邦先生智能晾衣机-风烘款
msj.dishwasher.v1,米家智能嵌入式洗碗机12套S1
msj.f_washer.m1pro,食材净化清洗机
msj.f_washer.m2,智能水槽净洗机
mxiang.camera.mod11,Xiaomi室外摄像机
mxiang.camera.mod13,Xiaomi
myoung.massage.m900,米家智能按摩椅
nbczwl.airer.airer,金贵夫人XM
nineam.desk.hoo01,9am智能升降桌
nnleaf.light.strips,Nanoleaf智能灯带
noc196.light.mdyctd,米典零蓝光音乐氛围灯
novo.curtain.n21,NOVO智能窗帘电机
nwt.derh.312en,NWT互联网除湿机
nwt.derh.330ef,NWT
nwt.derh.nwt10l,NWT互联网除湿机
opple.bhf_light.acmoto,欧普智能浴霸
opple.bhf_light.fx88a,欧普智能浴霸
opple.light.dcfan,OPPLE
opple.light.moat,OPPLE
opple.light.tabcw,欧普智能台灯
opple.light.tablgt,欧普智能台灯
opple.light.yrtd,OPPLE元睿2Pro台灯
ouchen.airer.m01,智能晾衣机momo
ows.tow_w.mjj20a,欧伟士NEX毛巾架
ows.tow_w.mjjs1,欧伟士S1毛巾架
philips.light.bceil1,飞利浦智睿吸顶灯
philips.light.bceil2,飞利浦智睿吸顶灯
philips.light.ceil33,米家飞利浦卧室吸顶灯
philips.light.dlight,智睿LED筒灯
philips.light.pceil,米家吸顶灯Pro
philips.light.sceilm,智睿吸顶灯
philips.light.sceils,智睿吸顶灯
philips.light.sread3,米家飞利浦台灯3
philips.light.sread4,智睿读写台灯
philips.light.sread8,飞利浦智秀台灯
philips.light.sread9,米家台灯Pro
philips.light.strip2,智睿彩光灯带
philips.light.strip3,米家追光氛围灯带
philips.light.strip5,Xiaomi
philips.light.xzceim,智睿吸顶灯
pinlo.juicer.pbjs1,米家智能轻音破壁料理机
pwzn.light.apple,灯带控制器
pwzn.plug.banana,智能无线墙充
qdhkl.aircondition.b23,空调室内机控制器(WIFI)
qdhkl.gateway.b19,VRF中央空调控制器
qdhkl.gateway.lonink,LONINK
qdhkl.gateway.sm,苏米VRF空调网关
qmdq88.dishwasher.p116,米家智能独嵌两用洗碗机16套P1
qmdq88.dishwasher.s1,米家智能台式洗碗机5套S1
qmi.plug.tw02,Xiaomi
qmi.plug.2a1c1,Xiaomi
qmi.plug.psv1,爱国者智能插排
qmi.plug.tw02,Xiaomi
qshui.blanket.d1,塞问智能水暖床垫
qushui.bed.001,8H
qushui.bed.003,8H
qushui.bed.007,8H
qushui.bed.dt4,8H
qushui.blanket.mj1,米家智能温控水暖毯
rmt.bed.zhsbed,芝华仕智能床
roidmi.vacuum.r1b,睿米扫拖机器人EVE
roidmi.vacuum.v60,睿米扫拖机器人EVE
roidmi.vacuum.v62,ROIDMI
roidmi.vacuum.v66,睿米真全能扫拖机器人
rotai.massage.m660p,摩摩哒M660Pro暖芯椅
san.airrtc.s89h,晟科瑞地暖温控器
sfl.light.aaas,FSL佛山照明云控智能灯具
sfl.light.fsl002,FSL格致系列
shhf.light.sfla10,变频智能风扇灯
shhf.light.slwfc3,智能色温灯WiFi版
silen.fryer.sck505,Silencare
skyrc.feeder.fed,湃妮迷你宠物喂食器
skyrc.feeder.vdfeed,湃妮迷你可视宠物喂食器
skyrc.pet_waterer.fres2,湃妮迷你宠物饮水机Pro
solove.fan.f5new,素乐智能风扇F5i
suittc.airrtc.wk168,智能温控器
syi.airer.sy1,卡瑞琪电动晾衣架
szdy.airfresh.n80,碧家新风机
szkj.mop.mjhvc1,米家高温无线洗地机
szkj.vacuum.fc01eu,Xiaomi
szkj.vacuum.mjfc01,米家防缠绕扫拖机器人
topwit.bhf_light.rz01,智能浴霸开关
tsd.light.h002,通士达智慧客卧灯
uvfive.dryer.panda,FIVE智能烘鞋暖被干衣机
uvfive.s_lamp.slmap2,FIVE智能消毒杀菌灯
uvfive.steriliser.maine,FIVE智能刀筷杀菌架
uvfive.steriliser.tiger,FIVE智能刀筷砧板杀菌架
viewx.light.101001,inncap靓光LED灯泡（彩光版）
viomi.aircondition.y1,Milano（柜式
viomi.aircondition.y115,VIOMI
viomi.aircondition.y15,iCool
viomi.aircondition.y64,Navi 2 1P
viomi.aircondition.y69,Space
viomi.aircondition.y76,Smart
viomi.aircondition.y83,Navi
viomi.aircondition.y84,Navi
viomi.airer.ich108,云米互联网电动晾衣架Lite
viomi.airer.ich110,云米AI智能晾衣机Smart
viomi.airer.vch110,云米AI智能晾衣机Super
viomi.airer.vcy102,云米互联网晾衣机Sunny
viomi.airer.vcy105,云米AI智能晾衣机Super
viomi.airp.v3,Smart
viomi.bhf_light.v3,云米互联网浴霸Pro（风暖触控版）
viomi.bhf_light.v4,云米互联网浴霸A1
viomi.dishwasher.m03,米家智能独嵌两用洗碗机15套S1
viomi.dishwasher.v06,云米互联网洗碗机（嵌入式）
viomi.dishwasher.v07,Viomi
viomi.dishwasher.v09,云米互联网洗碗机4套台面式0402
viomi.dishwasher.v10,云米互联网洗碗机10套嵌入式0805
viomi.dishwasher.v11,云米互联网洗碗机10套嵌入式0804
viomi.dishwasher.v23,Viomi
viomi.fan.v6,云米互联网空气循环扇
viomi.fan.v7,云米互联网直流变频落地扇3
viomi.fridge.u35,云米冰箱iLive（十字四门410L）
viomi.fridge.u46,云米互联网冰箱iLive(对开门456L)升级版
viomi.fridge.u47,云米互联网冰箱iLive2(对开门590L)
viomi.heater.v10,云米AI石墨烯踢脚线电暖器Smart
viomi.heater.v4,云米互联网踢脚线电暖器Pro2
viomi.heater.v5,Viomi
viomi.heater.v6,云米AI踢脚线电暖器
viomi.heater.v8,云米AI对流电暖器
viomi.heater.v9,Viomi
viomi.heater.vxtj01,云米互联网踢脚线电暖器 Pro
viomi.hood.c14,云米AI油烟机Cross2
viomi.hood.c4,云米互联网油烟机Flash
viomi.hood.c5,云米互联网油烟机
viomi.hood.c7,云米互联网油烟机
viomi.hood.c8,云米互联网油烟机VK707
viomi.hood.v2,米家智能侧吸油烟机
viomi.hood.v5,米家跨界吸油烟机S1
viomi.hood.v6,米家侧吸油烟机S1
viomi.hood.v8,米家智能变频升降吸油烟机S1
viomi.oven.so3,云米互联网蒸烤一体机
viomi.oven.so9,Viomi
viomi.vacuum.v12,云米互联网扫拖机器人X2（激光导航版）
viomi.vacuum.v13,Viomi
viomi.vacuum.v15,云米AI扫拖机器人Alpha
viomi.vacuum.v17,云米互联网集尘扫拖机器人
viomi.vacuum.v18,Viomi
viomi.vacuum.v19,Viomi
viomi.vacuum.v22,VIOMI
viomi.vacuum.v23,VIOMI
viomi.vacuum.v35,Viomi
viomi.vacuum.v38,Viomi
viomi.washer.v13,云米洗烘一体机Neo（10kg）
viomi.washer.v19,云米洗烘一体机Neo（10kg直驱版）
viomi.washer.v25,云米互联网洗烘一体机Master（10KG）
viomi.washer.v33,云米互联网洗烘机Master
viomi.washer.v34,云米互联网洗烘机Master
viomi.washer.v35,云米互联网洗烘机Master
viomi.washer.v47,Viomi
viomi.washer.w1,云米互联网壁挂洗衣机
viomi.waterheater.e14,云米互联网免更换镁棒电热水器
viomi.waterheater.e17,云米互联网电热水器C1（60L）
viomi.waterheater.e42,蓝调智能电热水器
viomi.waterheater.m1,米家零冷水燃气热水器S1
viomi.waterheater.u17,云米互联网燃气热水器S1
viomi.waterheater.u18,云米互联网燃气热水器S1
viomi.waterheater.u22,云米互联网燃气热水器C1
viomi.waterheater.u24,云米互联网燃气热水器A1
viomi.waterheater.u27,云米互联网燃气热水器Zero
viomi.waterheater.u34,云米互联网燃气热水器VGW1815
viomi.waterheater.u39,云米互联网燃气热水器VGW1617
viomi.waterheater.u42,云米互联网燃气热水器VGW1318
viomi.waterheater.u43,云米互联网燃气热水器VGW1618
viomi.waterheater.u53,云米AI燃气热水器VGW1823
viomi.waterheater.u57,云米AI零冷水燃气热水器Super
wfxx.motor.lsmk,麒石门控
wfxx.motor.mxrf,MX射频控制器PLUS
wfxx.motor.ycmkq,MX射频控制器
xiaomi.aircondition.c10,小米巨省电立式空调
xiaomi.aircondition.c11,小米巨省电立式空调
xiaomi.aircondition.c12,米家空调
xiaomi.aircondition.c13,米家空调
xiaomi.aircondition.c15,米家空调
xiaomi.aircondition.c16,米家空调
xiaomi.aircondition.c17,米家新风空调
xiaomi.aircondition.c19,米家新风空调（大1匹）
xiaomi.aircondition.c20,米家新风空调立式（3匹
xiaomi.aircondition.c21,米家空调
xiaomi.aircondition.c22,小米空调
xiaomi.aircondition.c32,小米巨省电立式空调
xiaomi.aircondition.c33,米家空调
xiaomi.aircondition.c36,米家空调
xiaomi.aircondition.m16,米家空调
xiaomi.aircondition.m19,米家新风空调
xiaomi.aircondition.m4,小米空调巨省电
xiaomi.aircondition.m6,空调
xiaomi.aircondition.m9,小米空调巨省电
xiaomi.aircondition.mc1,小米互联网空调A（大1匹|变频|一级能效）
xiaomi.aircondition.mc4,小米互联网空调A（大1匹|变频|超一级能效）
xiaomi.aircondition.mc5,小米互联网空调A（1.5匹|变频|超一级能效）
xiaomi.aircondition.mc6,小米互联网立式空调A（2匹|变频|超一级能效）
xiaomi.aircondition.mc7,小米互联网立式空调A（3匹|变频|超一级能效）
xiaomi.aircondition.mc8,小米巨省电空调（1.5匹|变频|新三级能效）
xiaomi.aircondition.mc9,小米巨省电立式空调（2匹|变频|新三级能效）
xiaomi.aircondition.mh1,小米互联网空调C（大1匹|变频|新一级能效）
xiaomi.aircondition.mh2,小米互联网空调C（1.5匹|变频|新一级能效）
xiaomi.aircondition.mh3,小米巨省电空调（大1匹|变频|新三级能效）
xiaomi.aircondition.mh4,米家空调
xiaomi.aircondition.mt0,米家新风空调
xiaomi.aircondition.mt1,小米互联网空调X（大1匹|变频|新一级能效）
xiaomi.aircondition.mt2,小米互联网空调X（1.5匹|变频|新一级能效）
xiaomi.aircondition.mt3,小米柔风空调（大1匹|变频|新一级能效）
xiaomi.aircondition.mt4,小米柔风空调（1.5匹|变频|新一级能效）
xiaomi.aircondition.mt5,小米柔风立式空调（3匹|变频|新一级能效）
xiaomi.aircondition.mt6,米家新风空调
xiaomi.aircondition.mt7,小米巨省电空调
xiaomi.aircondition.mt8,小米巨省电空调
xiaomi.aircondition.t13,小米巨省电空调
xiaomi.airer.1sfun,米家智能晾衣机
xiaomi.airp.cpa4,Xiaomi
xiaomi.airp.mp4,米家空气净化器
xiaomi.airp.va2b,米家空气净化器
xiaomi.airp.va4,米家空气净化器
xiaomi.blanket.mj2,米家智能水暖毯
xiaomi.derh.13l,小米/米家设备型号、使用说明书查询工具，米家智能家居产品大全，Xiaomi
xiaomi.heater.ma7,米家石墨烯踢脚线电暖器
xiaomi.heater.ma8,米家石墨烯暖风机
xiaomi.humidifier.airmx,米家无雾加湿器
xiaomi.humidifier.p1200,米家无雾加湿器3
xiaomi.humidifier.p3,米家无雾加湿器
xiaomi.kettle.mek01,米家智能电热水瓶
xiaomi.light.lamp30,米家立式学习灯
xiaomi.tv.4kh1,小米电视大师
xiaomi.tv.8kh1,小米电视大师
xiaomi.tv.dso1h1,小米电视
xiaomi.tv.eaffh1,小米电视EA系列
xiaomi.tv.eanfv1,小米电视
xiaomi.tv.esh1,小米电视ES系列
xiaomi.tv.fsi1,小米全面屏电视
xiaomi.tv.fsprov1,小米全面屏电视Pro
xiaomi.tv.fsv1,小米全面屏电视
xiaomi.tv.mitv5h1,小米电视5
xiaomi.tv.mitv5proh1,小米电视5Pro
xiaomi.tv.oledh1,小米电视大师65吋OLED
xiaomi.tv.rmaxv1,redmi
xiaomi.tv.rmh1,Redmi电视
xiaomi.tv.rmi1,Redmi电视
xiaomi.tv.tv6h1,小米电视6至尊版
xiaomi.tv.z2oh1,小米电视6
xiaomi.tvbox.4prob1,小米盒子4S
xiaomi.vacuum.b106bk,Xiaomi
xiaomi.vacuum.b106eu,Xiaomi
xiaomi.vacuum.b112,Xiaomi
xiaomi.vacuum.b112gl,Xiaomi
xiaomi.vacuum.c101,米家免洗扫拖机器人
xiaomi.vacuum.c102cn,米家全能扫拖机器人 2
xiaomi.vacuum.c103,米家扫拖机器人3C
xiaomi.vacuum.c104,米家扫拖机器人3
xiaomi.vacuum.c107,米家全能扫拖机器人M30
xiaomi.waterheater.ym05,米家智能双胆电热水器60L
xiaomi.waterpuri.400f4,米家净水器400G
xiaomi.waterpuri.lx33,米家净水器1000G
xiaomi.waterpuri.q1000,米家即热净水器Q1000
xiaomi.wifispeaker.07g,Xiaomi
xiaomi.ysj.gxj,米家即热管线机
xinyue.blanket.n1918,绘睡一键舒眠水暖垫
xjx.toilet.relaxp,小鲸洗一体式智能马桶
xox.toilet.ts,云马智控智能马桶Pro版
xwhzp.diffuser.xwxfj,米家智能调香机
yeelink.bhf_light.v10,Yeelight
yeelink.bhf_light.v11,米家智能浴霸
yeelink.bhf_light.v13,米家智能浴霸Pro
yeelink.bhf_light.v15,Yeelight
yeelink.bhf_light.v17,Yeelight
yeelink.bhf_light.v6,Yeelight
yeelink.bhf_light.v8,Yeelight
yeelink.controller.v2,Yeelight
yeelink.curtain.ctmt1,Yeelight
yeelink.light.bslamp2,米家床头灯2代
yeelink.light.ceil26,Yeelight
yeelink.light.ceil29,Yeelight
yeelink.light.ceil30,Yeelight
yeelink.light.ceil31,Yeelight
yeelink.light.ceil32,Yeelight
yeelink.light.ceil34,Mi
yeelink.light.ceil38,Yeelight
yeelink.light.ceila,Yeelight
yeelink.light.ceilb,Yeelight
yeelink.light.ceilc,Yeelight
yeelink.light.ceiling2,Yeelight
yeelink.light.ceiling22,米家卧室吸顶灯450
yeelink.light.ceiling24,Yeelight
yeelink.light.color1,Yeelight
yeelink.light.color2,Yeelight
yeelink.light.color8,Yeelight
yeelink.light.colora,Yeelight
yeelink.light.colorb,Yeelight
yeelink.light.colorc,Yeelight
yeelink.light.colore,Yeelight
yeelink.light.ctc,Yeelight
yeelink.light.fancl1,Yeelight
yeelink.light.fancl2,Yeelight
yeelink.light.fancl5,Yeelight
yeelink.light.fancl6,Yeelight
yeelink.light.lamp15,Yeelight
yeelink.light.lamp22,米家智能显示器挂灯1S
yeelink.light.lamp27,米家台灯1S
yeelink.light.lamp28,米家台灯1S增强版
yeelink.light.mono6,Mi
yeelink.light.mono7,Yeelight
yeelink.light.mono8,Yeelight
yeelink.light.monoa,Yeelight
yeelink.light.monob,Yeelight
yeelink.light.plate2,Yeelight
yeelink.light.strip8,Yeelight
yeelink.light.stripa,Yeelight
yeelink.light.stripb,Xiaomi
yeelink.motion.ymt02,Yeelight
yeelink.switch.sw1,Yeelight
yeelink.ven_fan.vf3,Yeelight
yeelink.ven_fan.vf5,Yeelight
yh1209.airer.public,勇辉智能晾衣架
youpon.bhf_light.yb0a01,友邦智能浴霸DZ系列
yszh.wopener.bs817,智能推窗器
yszn01.airer.krq01,卡瑞琪ProS1智能晾衣架
yszn01.airer.krq02,卡瑞琪ProS2智能晾衣架
yszn01.airer.ys2103,晾芯M1智能电动晾衣机
ymt.flowerpot.v1,一米田智能种植伴侣
yuemee.sensor_gas.56712,家用可燃气体探测器
yunmi.kettle.v19,米家恒温电水壶2
yunmi.waterpuri.f1,云米互联网净水器Fast3（400G
yunmi.waterpuri.f2,云米互联网净水器Fast3（600G
yunmi.waterpuri.f7,云米泉先互联网净水器
yunmi.waterpuri.lx14,小米净水器H1000G
yunmi.waterpuri.lx20,小米双核净水器1200G
yunmi.waterpuri.lx21,小米即热净水器Q800
yunmi.waterpuri.lx27,米家净水器1000G
yunmi.waterpuri.lx28,米家净水器1200G
yunmi.waterpuri.mg5,云米1秒即热管线机
yunmi.waterpuri.s10,云米泉先互联网净水器
yunmi.waterpuri.s12,云米互联网净水器
yunmi.waterpuri.s14,云米·泉先互联网净水器
yunmi.waterpuri.s20,云米泉先AI净水器Super
yunmi.waterpuri.s31,云米泉先AI
yunmi.waterpuri.x10,云米泉先AI
yunmi.ysj.v1,米家智能冷热饮水机
yyunyi.wopener.yylt,云仪链条开窗器
zair.switch.zsc02w,墨小七智能灯开关控制器
zdeer.foot_bath.zdz9,左点智能足蒸器Z9
zemi.curtain.zm25,Zemismart智能卷帘电机
zhimi.aircondition.ma1,米家互联网空调（三级能效）
zhimi.airfresh.ua1,米家新风机C1
zhimi.airp.cpa4,Xiaomi
zhimi.airp.mb3a,Mi
zhimi.airp.mb4a,Mi
zhimi.airp.mb5,Xiaomi
zhimi.airp.mb5a,Xiaomi
zhimi.airp.mea1,米家消毒空气净化器
zhimi.airp.meb1,Xiaomi
zhimi.airp.mp4,米家空气净化器
zhimi.airp.mp4a,米家空气净化器
zhimi.airp.rma2,米家空气净化器
zhimi.airp.rma3,米家空气净化器
zhimi.airp.rmb1,Xiaomi
zhimi.airp.sa4,米家空气净化器
zhimi.airp.ua1,米家全效空气净化器
zhimi.airp.va2,米家空气净化器
zhimi.airp.va2a,米家空气净化器
zhimi.airp.vb2a,Mi
zhimi.airp.vb4,Xiaomi
zhimi.airpurifier.ma4,米家空气净化器3
zhimi.airpurifier.mb3,Mi
zhimi.airpurifier.mb4,Mi
zhimi.airpurifier.oa1,米家桌面空气净化器
zhimi.airpurifier.rma1,米家空气净化器
zhimi.airpurifier.va1,米家空气净化器Pro
zhimi.airpurifier.vb2,Mi
zhimi.airpurifier.xa1,米家空气净化器X
zhimi.airpurifier.za1,Smartmi
zhimi.fan.fa1,米家直流变频循环扇
zhimi.fan.fa2,智米直流变频空气循环扇2
zhimi.fan.fb1,Mi
zhimi.fan.v2,智米直流变频落地扇
zhimi.fan.za5,智米直流变频落地扇3
zhimi.heater.ma2,米家智能电暖器
zhimi.heater.ma2a,米家智能电暖器
zhimi.heater.ma3,米家踢脚线电暖器E
zhimi.heater.ma4,米家石墨烯智能电暖器
zhimi.heater.ma5,米家石墨烯折叠踢脚线电暖器
zhimi.heater.ma6,米家石墨烯踢脚线电暖器
zhimi.heater.mc2,Mi
zhimi.heater.mc2a,Mi
zhimi.heater.na1,智米智能暖风机
zhimi.heater.nb1,Smartmi
zhimi.heater.za2,智米电暖器智能版1S
zhimi.heater.za3,智米智能GR-H电暖器
zhimi.heater.zb1,Smartmi
zhimi.heater.zb1a,Smartmi
zhimi.humidifier.ca4,智米纯净型加湿器2
zhimi.humidifier.ca6,Smartmi
zhimi.humidifier.cb1a,Smartmi
zhimi.humidifier.va1,智米除菌加湿器1S
zhimi.vacuum.ga1,Lydsto惯导扫拖机器人G1
zhimi.vacuum.hd1,Lydsto惯导扫拖机器人G2
zhimi.vacuum.ga1,Lydsto惯导扫拖机器人G1
zhimi.vacuum.w2,Lydsto自清洁扫地机W2
zhimi.vacuum.wa1,智米洗地机器人开拓者A1
zhimi.vacuum.xa1,Lydsto
zhimi.vacuum.xa2,Lydsto
zhimi.vacuum.xa3,Lydsto扫拖一体机S1
zhimi.toilet.pa2,智米智能马桶一体机
zhimi.waterpuri.ma1,小米净水器H400G
zimi.waterheater.h01,米家智能零冷水燃气热水器16L
zimi.waterheater.h03,米家智能小厨宝7L
zinguo.etool.sc01,智能温控器
zinguo.motor.mk01,卷帘门控制器
zinguo.switch.b3,两线浴霸开关
zinguo.switch.b5m,智能浴霸开关
zjaupu.airer.l558,奥普晾衣机L558
zs1001.mosq.s12pro,质零数显电蚊拍-Wifi款
zxzm.light.j01,京东京造吸顶灯
090615.switch.switch01,一键智能开关(WIFI)
090615.switch.switch02,二键智能开关(WIFI)
090615.switch.switch03,三键智能开关(WIFI)
090615.switch.xswitch01,PTX一键开关(WIFI)
090615.switch.xswitch02,PTX二键开关(WIFI)
090615.switch.xswitch03,PTX三键开关(WIFI)
aice.motor.kzmu3,科掌门智能卷帘门控制器
air.fan.ca23ad9,艾美特空气循环扇
bj352.waterpuri.s100cm,352净水器S100
cgllc.airmonitor.s1,青萍空气检测仪
chuangmi.camera.ipc019,小米智能摄像机
chuangmi.plug.hmi205,Mi
chuangmi.plug.hmi206,Mi
chuangmi.plug.hmi208,米家智能插座蓝牙网关版
chuangmi.plug.m1,米家智能插座基础版
chuangmi.plug.m3,小米米家智能插座WiFi版
chuangmi.plug.v1,小米智能插座
chuangmi.plug.v3,米家智能插座增强版
chunmi.cooker.eh1,米家小饭煲
chunmi.ihcooker.chefnic,米家电磁炉套装-锋味定制版
chunmi.ihcooker.v1,米家电磁炉
chunmi.microwave.n23l01,米家智能微烤一体机
deerma.humidifier._base,小米/米家设备型号、使用说明书查询工具，米家智能家居产品大全，Xiaomi
deerma.humidifier.jsq,Mi
deerma.humidifier.jsq1,米家智能除菌加湿器
deerma.humidifier.mjjsq,米家智能除菌加湿器
dmaker.fan.p5,米家直流变频落地扇1X
fawad.airrtc.fwd20011,FOWAD
hfjh.fishbowl.v1,画法几何智能鱼缸
isa.camera.hlc6,小米智能摄像机
ksmb.walkingpad.v1,WalkingPad走步机
lumi.acpartner.mcn02,米家空调伴侣2
lumi.acpartner.v1,Aqara 空调伴侣
lumi.acpartner.v2,米家空调伴侣
lumi.acpartner.v3,Aqara
lumi.airer.acn01,Aqara智能晾衣机
midea.aircondition.v1,美的空调-i青春
midea.aircondition.xa1,美的空调
midea.aircondition.xa2,美的空调
mijia.camera.v3,小米米家智能摄像机
minij.washer.v5,米家互联网洗烘一体机Pro
minij.washer.v8,米家互联网洗烘一体机
minij.washer.v14,米家互联网洗烘一体机1C
mmgg.feeder.petfeeder,米家智能宠物喂食器
nwt.derh.wdh318efw1,NWT
opple.light.bydceiling,OPPLE欧普照明智能灯
opple.light.fanlight,OPPLE
ows.towel_w.mj1x0,欧伟士智能电热毛巾架
philips.light.bceiling1,飞利浦智睿吸顶灯
philips.light.bulb,飞利浦智睿球泡灯
philips.light.cbulb,米家飞利浦彩光灯泡
philips.light.downlight,飞利浦智睿筒灯
philips.light.moonlight,飞利浦智睿床头灯
philips.light.sread1,飞利浦智睿台灯二代
philips.light.sread2,米家飞利浦台灯2S
roborock.vacuum._base,小米/米家设备型号、使用说明书查询工具，米家智能家居产品大全，Xiaomi
roborock.vacuum.m1s,米家扫地机器人1S
roborock.vacuum.a01,石头扫地机器人
roborock.vacuum.a08,Roborock
roborock.vacuum.a09,石头扫地机器人T7
roborock.vacuum.a10,Roborock
roborock.vacuum.a11,石头扫地机器人T7
roborock.vacuum.a14,石头扫拖机器人
roborock.vacuum.a15,Roborock
roborock.vacuum.a19,Roborock
roborock.vacuum.a23,石头扫拖机器人
roborock.vacuum.a26,石头自清洁扫拖机器人G10S
roborock.vacuum.a27,Roborock
roborock.vacuum.a29,石头自清洁扫拖机器人G10
roborock.vacuum.a30,Roborock
roborock.vacuum.a34,Roborock
roborock.vacuum.a37,石头扫拖机器人T8
roborock.vacuum.a38,Roborock
roborock.vacuum.a40,Roborock
roborock.vacuum.a46,石头自清洁扫拖机器人G10S
roborock.vacuum.a50,小米/米家设备型号、使用说明书查询工具，米家智能家居产品大全，Xiaomi
roborock.vacuum.a51,Roborock
roborock.vacuum.a52,石头扫拖机器人T8
roborock.vacuum.a62,Roborock
roborock.vacuum.a64,石头自清洁扫拖机器人
roborock.vacuum.a65,Roborock
roborock.vacuum.a66,石头自清洁扫拖机器人
roborock.vacuum.a69,石头自清洁扫拖机器人G20
roborock.vacuum.a70,Roborock
roborock.vacuum.a74,石头自清洁扫拖机器人
roborock.vacuum.a75,Roborock
roborock.vacuum.a76,石头自清洁扫拖机器人G10S
roborock.vacuum.c1,小瓦扫地机器人青春版
roborock.vacuum.e2,小瓦扫地机器人规划版
roborock.vacuum.p5,石头扫地机器人P5
roborock.vacuum.s4,Roborock
roborock.vacuum.s5,石头扫地机器人S5
roborock.vacuum.s5e,Roborock
roborock.vacuum.s6,Roborock
roborock.vacuum.t4,石头扫地机器人T4
roborock.vacuum.t6,石头扫地机器人T6
rockrobo.vacuum.v1,米家扫地机器人
shuii.humidifier.jsq002,零雾低温蒸发型加湿器(Ⅱ代）
skyrc.pet_waterer.fre1,湃妮智能宠物饮水机
tinymu.toiletlid.v1,小沐智能马桶盖
viomi.fridge.p1,云米互联网冰箱iLive（对开门
viomi.fridge.m1,米家风冷十字四门冰箱
viomi.juicer.v1,米家高速搅拌机（破壁料理机）
yunmi.plmachine.mg2,云米1秒即热管线机
scishare.coffee.s1102,心想智能胶囊咖啡机
viomi.oven.so1,云米互联网蒸烤一体机King（嵌入式）
viomi.dishwasher.v01,云米互联网洗碗机（8套嵌入式）
viomi.health_pot.v1,米家多功能电煮壶
viomi.hood.v1,米家互联网烟灶
viomi.vacuum.v7,米家扫拖机器人
viomi.vacuum.v8,Mi
viomi.waterheater.e1,云米互联网电热水器1A（60L）
viomi.waterheater.u1,云米互联网燃气热水器1A（13L）
viomi.waterheater.u7,云米互联网燃气热水器Zero（16L零冷水）
viomi.waterheater.u8,云米互联网燃气热水器Zero（18L
viomi.waterheater.u11,云米互联网燃气热水器Zero（13L零冷水
viomi.waterheater.u12,云米互联网燃气热水器Zero（16L零冷水
xiaomi.aircondition.ma2,米家互联网空调C1（1.5匹/变频/一级能效）
xiaomi.aircondition.ma4,米家互联网立式空调C1（2匹/定频）
xiaomi.aircondition.ma5,米家互联网立式空调C1（2匹/变频/一级能效）
xiaomi.aircondition.ma6,米家互联网空调C1（1.5匹/定频/三级能效）
xjx.toilet.pro,小鲸洗智能坐便盖Pro版
xjx.toilet.relax,小鲸洗一体式智能马桶Relax
yeelink.bhf_light.v1,Yeelight智能浴霸
yeelink.bhf_light.v2,Yeelight智能浴霸
yeelink.bhf_light.v3,Yeelight
yeelink.bhf_light.v5,米家智能浴霸Pro
yeelink.bhf_light.v6,Yeelight
yeelink.light.bslamp1,米家床头灯
yeelink.light.bslamp2,米家床头灯2代
yeelink.light.bslamp3,Yeelight
yeelink.light.color1,Yeelight
yeelink.light.color2,Yeelight
yeelink.light.color3,Mi
yeelink.light.color4,Yeelight
yeelink.light.color5,Mi
yeelink.light.color7,Mi
yeelink.light.color8,Yeelight
yeelink.light.ceiling1,Yeelight
yeelink.light.ceiling2,Yeelight
yeelink.light.ceiling3,Yeelight
yeelink.light.ceiling4,Yeelight
yeelink.light.ceiling5,米家LED吸顶灯
yeelink.light.ceiling6,Yeelight
yeelink.light.ceiling7,Yeelight
yeelink.light.ceiling8,Yeelight
yeelink.light.ceiling9,Yeelight
yeelink.light.ceiling10,Yeelight
yeelink.light.ceiling11,Yeelight
yeelink.light.ceiling12,Yeelight
yeelink.light.ceiling13,Yeelight
yeelink.light.ceiling14,Yeelight
yeelink.light.ceiling15,Yeelight
yeelink.light.ceiling16,Yeelight
yeelink.light.ceiling17,Yeelight
yeelink.light.ceiling18,Yeelight
yeelink.light.ceiling19,Yeelight
yeelink.light.ceiling20,Yeelight
yeelink.light.ceiling21,米家客厅吸顶灯
yeelink.light.ceiling22,米家卧室吸顶灯450
yeelink.light.ceiling23,米家卧室吸顶灯350
yeelink.light.ceiling24,Yeelight
yeelink.light.ceil27,Yeelight
yeelink.light.lamp1,米家台灯
yeelink.light.lamp2,米家台灯Pro
yeelink.light.lamp3,Yeelight
yeelink.light.lamp4,米家台灯
yeelink.light.lamp5,Yeelight
yeelink.light.lamp7,Yeelight
yeelink.light.lamp9,Yeelight
yeelink.light.lamp10,Yeelight
yeelink.light.mono1,Yeelight
yeelink.light.panel1,Yeelight
yeelink.light.panel3,Yeelight
yeelink.light.strip1,Yeelight彩光灯带
yeelink.light.strip2,Yeelight彩光灯带（延长版）
yeelink.light.strip4,Yeelight
yeelink.light.strip6,Yeelight
yeelink.light.strip8,Yeelight
yeelink.ven_fan.vf1,Yeelight
yeelink.mirror.bm1,diiib
yeelink.ven_fan.vf3,Yeelight
yeelink.ven_fan.vf5,Yeelight
yunmi.waterpuri.lx5,小米净水器1A/400G增强版
yunmi.waterpuri.lx7,小米净水器500G/500G增强版
yunmi.waterpuri.lx9,小米净水器
yunmi.waterpuri.lx11,小米净水器C1（三出水）
yyunyi.wopener.yypy24,云仪平移开窗器
zhimi.aircondition.ma1,米家互联网空调（三级能效）
zhimi.aircondition.ma2,小米/米家设备型号、使用说明书查询工具，米家智能家居产品大全，Xiaomi
zhimi.aircondition.ma3,米家互联网空调（三级能效）
zhimi.aircondition.ma4,米家互联网空调（一级能效）
zhimi.aircondition.za1,智米变频空调2（1.5匹
zhimi.airmonitor.v1,米家PM2.5检测仪
zhimi.airfresh.va2,智米新风系统
zhimi.airfresh.va4,智米新风系统电辅热版
zhimi.airpurifier._base,小米/米家设备型号、使用说明书查询工具，米家智能家居产品大全，Xiaomi
zhimi.airpurifier.m1,小米空气净化器2代
zhimi.airpurifier.m2,小米空气净化器2代
zhimi.airpurifier.ma2,小米米家空气净化器2S
zhimi.airpurifier.mc1,Mi
zhimi.airpurifier.mc2,Mi
zhimi.airpurifier.sa2,米家空气净化器MAX
zhimi.airpurifier.v1,小米空气净化器
zhimi.airpurifier.v2,小米空气净化器
zhimi.airpurifier.v3,小米空气净化器
zhimi.airpurifier.v5,小米空气净化器
zhimi.airpurifier.v6,米家空气净化器Pro
zhimi.airpurifier.v7,小米空气净化器Pro
zhimi.fan.sa1,米家直流变频落地扇
zhimi.fan.v2,智米直流变频落地扇
zhimi.fan.v3,智米直流变频落地扇
zhimi.fan.za1,智米自然风风扇
zhimi.fan.za3,智米直流变频落地扇2
zhimi.fan.za4,智米直流变频落地扇2S
zhimi.humidifier.ca1,智米纯净型加湿器
zhimi.humidifier.cb1,Smartmi
zhimi.humidifier.cb2,Smartmi
zhimi.humidifier.v1,智米除菌加湿器
qmi.powerstrip.v1,青米智能插排
zimi.powerstrip.v2,米家智能插线板